{"axes": "+X+Y+Z", "transform": [[0.023571490355707842, 0.0006466878120498667, -0.0003275636639845439], [0.0006466878120498667, 0.01977754328401703, 0.0002337287561694889], [-0.0003275636639845439, 0.0002337287561694889, 0.02074727569512131]], "centre": [-50.775084877942575, -4.685832431378661, -4.75526561621858], "rbfs": [], "field_avg": null, "field_std": null}